<?xml version="1.0" encoding="UTF-8"?>

<!--
 ~ Copyright (c) 2012, WSO2 Inc. (http://www.wso2.org) All Rights Reserved.
 ~
 ~ WSO2 Inc. licenses this file to you under the Apache License,
 ~ Version 2.0 (the "License"); you may not use this file except
 ~ in compliance with the License.
 ~ You may obtain a copy of the License at
 ~
 ~      http://www.apache.org/licenses/LICENSE-2.0
 ~
 ~ Unless required by applicable law or agreed to in writing, software
 ~ distributed under the License is distributed on an "AS IS" BASIS,
 ~ WITHOUT WARRANTIES OR CONDITIONS OF ANY KIND, either express or implied.
 ~ See the License for the specific language governing permissions and
 ~ limitations under the License.
 -->

<beans xmlns="http://www.springframework.org/schema/beans"
       xmlns:xsi="http://www.w3.org/2001/XMLSchema-instance"
       xmlns:jaxrs="http://cxf.apache.org/jaxrs" xmlns:cxf="http://cxf.apache.org/core"
       xsi:schemaLocation="
         http://www.springframework.org/schema/beans http://www.springframework.org/schema/beans/spring-beans.xsd
         http://cxf.apache.org/jaxrs http://cxf.apache.org/schemas/jaxrs.xsd
         http://cxf.apache.org/core http://cxf.apache.org/schemas/core.xsd">

    <jaxrs:server id="userResource" address="/Users">
        <jaxrs:serviceBeans>
            <ref bean="userBean"/>
        </jaxrs:serviceBeans>

        <jaxrs:providers>
            <ref bean="authenticationFilter"/>
        </jaxrs:providers>

    </jaxrs:server>

    <bean id="userBean" class="org.wso2.carbon.identity.scim.provider.resources.UserResource"/>

    <jaxrs:server id="groupResource" address="/Groups">
        <jaxrs:serviceBeans>
            <ref bean="groupBean"/>
        </jaxrs:serviceBeans>

        <jaxrs:providers>
            <ref bean="authenticationFilter"/>
        </jaxrs:providers>

        <jaxrs:properties>
            <entry key="org.apache.cxf.jaxrs.allow.http.method.override" value="true"/>
        </jaxrs:properties>

    </jaxrs:server>

    <bean id="groupBean" class="org.wso2.carbon.identity.scim.provider.resources.GroupResource"/>

    <jaxrs:server id="bulkResource" address="/Bulk">
        <jaxrs:serviceBeans>
            <ref bean="bulkBean"/>
        </jaxrs:serviceBeans>

        <jaxrs:providers>
            <ref bean="authenticationFilter"/>
        </jaxrs:providers>
        
    </jaxrs:server>

    <bean id="bulkBean" class="org.wso2.carbon.identity.scim.provider.resources.BulkResource"/>

    <bean id="authenticationFilter" class="org.wso2.carbon.identity.scim.provider.filter.AuthenticationFilter">
            <!-- authorization bean properties -->
        </bean>

    <bean id="ClearThreadLocalInterceptor" class="org.wso2.carbon.identity.scim.provider.util.ClearThreadLocalInterceptor"/>

    <cxf:bus>
        <cxf:inInterceptors>
            <ref bean="ClearThreadLocalInterceptor"/>
        </cxf:inInterceptors>
    </cxf:bus>

</beans>

