{
    "consoleApp": {
    },
    "appBaseName": "myaccount",
    "clientID": "MY_ACCOUNT",
    "loginCallbackPath": "",
    "logoutCallbackPath": "",
    "routePaths": {
            "home": "/overview",
            "login": "",
            "logout": "/logout"
    },
    "extensions": {
    },
    "session": {
                "userIdleWarningTimeOut": 580.0,
                "sessionRefreshTimeOut": 300.0,
                "userIdleTimeOut": 600.0,
                "checkSessionInterval": 3.0
    },
    "ui": {
        "announcements": [
        ],
        "appCopyright": "WSO2 Identity Server",
        "appTitle": "My Account | WSO2 Identity Server",
        "appName": "My Account",
        "appLogoPath": "/assets/images/branding/logo.svg",
        "authenticatorApp": {
                "enabled": true
        },
        "features": {
            "applications": {
                "disabledFeatures": [
                ],
                "enabled": true,
                "scopes": {
                        "create": [],
                        "read": [],
                        "update": [],
                        "delete": []
                }
            },
            "operations": {
                "disabledFeatures": [
                ],
                "enabled": true,
                "scopes": {
                    "update": [
                    ],
                    "create": [
                    ],
                    "delete": [
                    ],
                    "read": [
                            "internal_humantask_view"
                    ]
                }
            },
            "overview": {
                "disabledFeatures": [
                ],
                "enabled": true,
                "scopes": {
                        "create": [],
                        "read": [],
                        "update": [],
                        "delete": []
                }
            },
            "personalInfo": {
                "disabledFeatures": [
                    "profileInfo.mobileVerification"
                ],
                "enabled": true,
                "scopes": {
                        "create": [],
                        "read": [],
                        "update": [],
                        "delete": []
                }
            },
            "security": {
                "disabledFeatures": [
                    "security.loginVerifyData.typingDNA"
                ],
                "enabled": true,
                "scopes": {
                        "create": [],
                        "read": [],
                        "update": [],
                        "delete": []
                }
            }
        },
        "isHeaderAvatarLabelAllowed": true,
        "i18nConfigs": {
        },
        "privacyPolicyConfigs": {
        },
        "productName": "WSO2 Identity Server",
        "productVersionConfig": {
                "versionOverride": ""
        },
        "theme": {
            "name": "default"
        }
    }
}
