<?xml version="1.0" encoding="UTF-8"?>

<!--
  ~ Copyright 2016 WSO2, Inc. (http://wso2.com)
  ~
  ~ Licensed under the Apache License, Version 2.0 (the "License");
  ~ you may not use this file except in compliance with the License.
  ~ You may obtain a copy of the License at
  ~
  ~ http://www.apache.org/licenses/LICENSE-2.0
  ~
  ~ Unless required by applicable law or agreed to in writing, software
  ~ distributed under the License is distributed on an "AS IS" BASIS,
  ~ WITHOUT WARRANTIES OR CONDITIONS OF ANY KIND, either express or implied.
  ~ See the License for the specific language governing permissions and
  ~ limitations under the License.
  -->

<beans xmlns="http://www.springframework.org/schema/beans"
       xmlns:xsi="http://www.w3.org/2001/XMLSchema-instance"
       xmlns:jaxrs="http://cxf.apache.org/jaxrs"
       xsi:schemaLocation="
         http://www.springframework.org/schema/beans http://www.springframework.org/schema/beans/spring-beans.xsd
         http://cxf.apache.org/jaxrs http://cxf.apache.org/schemas/jaxrs.xsd">

    <jaxrs:server id="tokEP" address="/">
        <jaxrs:serviceBeans>
            <ref bean="authzEndpointBean"/>
            <ref bean="tokenEndpointBean"/>
            <ref bean="introspectionEndpointBean"/>
            <ref bean="revokeEndpointBean"/>
            <ref bean="userinfoEndpointBean"/>
            <ref bean="jwksEndpointBean"/>
            <ref bean="oidcdiscoveryEndpointBean"/>
            <ref bean="deviceAuthEndpointBean"/>
            <ref bean="userAuthenticationEndpointBean"/>
            <ref bean="cibaEndpointBean"/>
        </jaxrs:serviceBeans>
        <jaxrs:inInterceptors>
            <ref bean="oauthClientAuthnBean"/>
        </jaxrs:inInterceptors>
        <jaxrs:providers>
            <bean class="org.wso2.carbon.identity.oauth.endpoint.expmapper.InvalidRequestExceptionMapper"/>
        </jaxrs:providers>
    </jaxrs:server>

    <bean id="oauthClientAuthnBean" class="org.wso2.carbon.identity.oauth.client.authn.filter.OAuthClientAuthenticatorProxy">
        <property name="oAuthClientAuthnService" ref="oAuthClientAuthnFactoryBean"/>
    </bean>
    <bean id="authzEndpointBean" class="org.wso2.carbon.identity.oauth.endpoint.authz.OAuth2AuthzEndpoint">
        <property name="openIDConnectClaimFilter" ref="openIDConnectClaimFilterFactoryBean"/>
    </bean>
    <bean id="tokenEndpointBean" class="org.wso2.carbon.identity.oauth.endpoint.token.OAuth2TokenEndpoint"/>
    <bean id="introspectionEndpointBean" class="org.wso2.carbon.identity.oauth.endpoint.introspection.OAuth2IntrospectionEndpoint"/>
    <bean id="revokeEndpointBean" class="org.wso2.carbon.identity.oauth.endpoint.revoke.OAuthRevocationEndpoint"/>
    <bean id="userinfoEndpointBean" class="org.wso2.carbon.identity.oauth.endpoint.user.OpenIDConnectUserEndpoint"/>
    <bean id="jwksEndpointBean" class="org.wso2.carbon.identity.oauth.endpoint.jwks.JwksEndpoint"/>
    <bean id = "oidcdiscoveryEndpointBean" class="org.wso2.carbon.identity.oauth.endpoint.oidcdiscovery.OIDCDiscoveryEndpoint">
        <property name="oidProviderResponseBuilder" ref="oidcProviderResponseBuilderBean"/>
    </bean>
    <bean id="oAuthClientAuthnFactoryBean" class="org.wso2.carbon.identity.oauth.client.authn.filter.OAuthClientAuthnServiceFactory"/>
    <bean id="endpointUtilBean" class="org.wso2.carbon.identity.oauth.endpoint.util.EndpointUtil">
        <property name="oAuth2Service" ref="oAuth2ServiceFactoryBean"/>
        <property name="oAuth2ScopeService" ref="oAuth2ScopeServiceFactoryBean"/>
        <property name="oAuthAdminService" ref="oAuthAdminServiceFactoryBean"/>
        <property name="SSOConsentService"  ref="ssoConsentServiceFactoryBean"/>
        <property name="oauthServerConfiguration"  ref="oauthServerConfigurationFactoryBean"/>
        <property name="requestObjectService"  ref="requestObjectServiceFactoryBean"/>
        <property name="cibaAuthService"  ref="cibaAuthServiceFactoryBean"/>
        <property name="idpManager" ref="idpManagerBean"/>
    </bean>
    <bean id="oidcProviderResponseBuilderBean" class="org.wso2.carbon.identity.oauth.endpoint.oidcdiscovery.impl.OIDProviderJSONResponseBuilder"/>
    <bean id="oAuth2ServiceFactoryBean" class="org.wso2.carbon.identity.oauth.endpoint.factory.OAuth2ServiceFactory"/>
    <bean id="oAuth2ScopeServiceFactoryBean" class="org.wso2.carbon.identity.oauth.endpoint.factory.OAuth2ScopeServiceFactory"/>
    <bean id="oAuthAdminServiceFactoryBean" class="org.wso2.carbon.identity.oauth.endpoint.factory.OAuthAdminServiceFactory"/>
    <bean id="ssoConsentServiceFactoryBean" class="org.wso2.carbon.identity.oauth.endpoint.factory.SSOConsentServiceFactory"/>
    <bean id="oauthServerConfigurationFactoryBean" class="org.wso2.carbon.identity.oauth.endpoint.factory.OAuthServerConfigurationFactory"/>
    <bean id="requestObjectServiceFactoryBean" class="org.wso2.carbon.identity.oauth.endpoint.factory.RequestObjectServiceFactory"/>
    <bean id="openIDConnectClaimFilterFactoryBean" class="org.wso2.carbon.identity.oauth.endpoint.factory.OpenIDConnectClaimFilterFactory"/>
    <bean id="deviceAuthServiceFactoryBean" class="org.wso2.carbon.identity.oauth.endpoint.factory.DeviceAuthServiceFactory"/>
    <bean id="deviceAuthEndpointBean" class="org.wso2.carbon.identity.oauth.endpoint.device.DeviceEndpoint">
            <property name="deviceAuthService" ref="deviceAuthServiceFactoryBean"/>
    </bean>
    <bean id="userAuthenticationEndpointBean" class="org.wso2.carbon.identity.oauth.endpoint.device.UserAuthenticationEndpoint">
        <property name="deviceAuthService" ref="deviceAuthServiceFactoryBean"/>
    </bean>
    <bean id="cibaEndpointBean" class="org.wso2.carbon.identity.oauth.endpoint.ciba.OAuth2CibaEndpoint"/>
    <bean id="cibaAuthServiceFactoryBean" class="org.wso2.carbon.identity.oauth.endpoint.factory.CibaServiceFactory"/>
    <bean id="idpManagerBean" class="org.wso2.carbon.identity.oauth.endpoint.factory.IDPManagerFactory"/>
</beans>
