<?xml version="1.0" encoding="UTF-8"?>

<!--
 ~ Copyright (c) 2017, WSO2 Inc. (http://www.wso2.org) All Rights Reserved.
 ~
 ~ WSO2 Inc. licenses this file to you under the Apache License,
 ~ Version 2.0 (the "License"); you may not use this file except
 ~ in compliance with the License.
 ~ You may obtain a copy of the License at
 ~
 ~      http://www.apache.org/licenses/LICENSE-2.0
 ~
 ~ Unless required by applicable law or agreed to in writing, software
 ~ distributed under the License is distributed on an "AS IS" BASIS,
 ~ WITHOUT WARRANTIES OR CONDITIONS OF ANY KIND, either express or implied.
 ~ See the License for the specific language governing permissions and
 ~ limitations under the License.
 -->

<beans xmlns="http://www.springframework.org/schema/beans"
       xmlns:xsi="http://www.w3.org/2001/XMLSchema-instance"
       xmlns:jaxrs="http://cxf.apache.org/jaxrs" xmlns:cxf="http://cxf.apache.org/core"
       xsi:schemaLocation="
         http://www.springframework.org/schema/beans http://www.springframework.org/schema/beans/spring-beans.xsd
         http://cxf.apache.org/jaxrs http://cxf.apache.org/schemas/jaxrs.xsd
         http://cxf.apache.org/core http://cxf.apache.org/schemas/core.xsd">

    <jaxrs:server id="userResource" address="/Users">
        <jaxrs:serviceBeans>
            <ref bean="userBean"/>
        </jaxrs:serviceBeans>

    </jaxrs:server>

    <bean id="userBean" class="org.wso2.carbon.identity.scim2.provider.resources.UserResource"/>

    <jaxrs:server id="groupResource" address="/Groups">
        <jaxrs:serviceBeans>
            <ref bean="groupBean"/>
        </jaxrs:serviceBeans>

    </jaxrs:server>

    <bean id="groupBean" class="org.wso2.carbon.identity.scim2.provider.resources.GroupResource"/>

    <jaxrs:server id="meResource" address="/Me">
        <jaxrs:serviceBeans>
            <ref bean="meBean"/>
        </jaxrs:serviceBeans>

    </jaxrs:server>

    <bean id="meBean" class="org.wso2.carbon.identity.scim2.provider.resources.MeResource"/>

    <jaxrs:server id="serviceProviderConfigResource" address="/ServiceProviderConfig">
        <jaxrs:serviceBeans>
            <ref bean="serviceProviderConfigBean"/>
        </jaxrs:serviceBeans>

    </jaxrs:server>

    <bean id="serviceProviderConfigBean" class="org.wso2.carbon.identity.scim2.provider.resources.ServiceProviderConfigResource"/>

    <jaxrs:server id="resourceTypes" address="/ResourceTypes">
        <jaxrs:serviceBeans>
            <ref bean="ResourceTypesBean"/>
        </jaxrs:serviceBeans>

    </jaxrs:server>

    <bean id="ResourceTypesBean" class="org.wso2.carbon.identity.scim2.provider.resources.ResourceTypesResource"/>

    <jaxrs:server id="bulkResource" address="/Bulk">
        <jaxrs:serviceBeans>
            <ref bean="BulkBean"/>
        </jaxrs:serviceBeans>

    </jaxrs:server>

    <bean id="BulkBean" class="org.wso2.carbon.identity.scim2.provider.resources.BulkResource"/>

    <jaxrs:server id="schemasResource" address="/Schemas">
        <jaxrs:serviceBeans>
            <ref bean="schemasBean"/>
        </jaxrs:serviceBeans>

    </jaxrs:server>

    <bean id="schemasBean" class="org.wso2.carbon.identity.scim2.provider.resources.SchemaResource"/>

    <jaxrs:server id="roleResource" address="/Roles">
        <jaxrs:serviceBeans>
            <ref bean="roleBean"/>
        </jaxrs:serviceBeans>

    </jaxrs:server>

    <bean id="roleBean" class="org.wso2.carbon.identity.scim2.provider.resources.RoleResource"/>
</beans>
