{
    "fontName": "\"''\", -apple-system, BlinkMacSystemFont, Segoe UI, HelveticaNeue-Light, Ubuntu, Droid Sans, sans-serif, \"font-awesome\"",
    "fontSmoothing": "antialiased",
    "headerFont": "\"''\", -apple-system, BlinkMacSystemFont, Segoe UI, HelveticaNeue-Light, Ubuntu, Droid Sans, sans-serif, \"font-awesome\", 'Helvetica Neue', Arial, Helvetica, sans-serif",
    "pageFont": "\"''\", -apple-system, BlinkMacSystemFont, Segoe UI, HelveticaNeue-Light, Ubuntu, Droid Sans, sans-serif, \"font-awesome\", 'Helvetica Neue', Arial, Helvetica, sans-serif",
    "googleFontName": "'Lato'",
    "importGoogleFonts": "false",
    "googleFontSizes": "'400,700,400italic,700italic'",
    "googleSubset": "'latin'",
    "googleProtocol": "'https://'",
    "googleFontRequest": "'Lato:400,700,400italic,700italic&subset=latin'",
    "bold": "400",
    "normal": "normal",
    "emSize": "14px",
    "fontSize": "14px",
    "relativeBorderRadius": "3px",
    "absoluteBorderRadius": "3px",
    "defaultBorderRadius": "3px",
    "primaryColor": "#ff5000",
    "secondaryColor": "#E0E1E2",
    "lightPrimaryColor": "#ffdccc",
    "lightSecondaryColor": "#545454",
    "headerFontWeight": "400",
    "headerLineHeight": "1.2857142857142858em",
    "h1": "2rem",
    "h2": "1.7142857142857142rem",
    "h3": "1.5714285714285714rem",
    "h4": "1.3571428571428572rem",
    "h5": "1.1428571428571428rem",
    "inputBackground": "#FFFFFF",
    "inputVerticalPadding": "0.7857142857142857em",
    "inputHorizontalPadding": "1em",
    "inputPadding": "0.7857142857142857em 1em",
    "inputColor": "rgba(0, 0, 0, 0.87)",
    "inputPlaceholderColor": "rgba(191, 191, 191, 0.87)",
    "inputPlaceholderFocusColor": "rgba(115, 115, 115, 0.87)",
    "inputLineHeight": "1.2142857142857142em",
    "focusedFormBorderColor": "#ff5000",
    "focusedFormMutedBorderColor": "#ff5000",
    "miniSize": "0.7857142857142857",
    "tinySize": "0.8571428571428571",
    "smallSize": "0.9285714285714286",
    "mediumSize": "1",
    "largeSize": "1.1428571428571428",
    "bigSize": "1.2857142857142858",
    "hugeSize": "1.4285714285714286",
    "massiveSize": "1.7142857142857142",
    "pageBackground": "#fbfbfb",
    "pageOverflowX": "hidden",
    "lineHeight": "1.4285em",
    "textColor": "rgba(0, 0, 0, 0.87)",
    "paragraphMargin": "0em 0em 1em",
    "paragraphLineHeight": "1.4285em",
    "linkColor": "#ff5000",
    "linkUnderline": "none",
    "linkHoverColor": "#d94400",
    "linkHoverUnderline": "underline",
    "useCustomScrollbars": "true",
    "customScrollbarWidth": "10px",
    "customScrollbarHeight": "10px",
    "trackBackground": "rgba(0, 0, 0, 0.1)",
    "trackBorderRadius": "0px",
    "thumbBorderRadius": "5px",
    "thumbBackground": "rgba(0, 0, 0, 0.25)",
    "thumbTransition": "color 0.2s ease",
    "thumbInactiveBackground": "rgba(0, 0, 0, 0.15)",
    "thumbHoverBackground": "rgba(128, 135, 139, 0.8)",
    "trackInvertedBackground": "rgba(255, 255, 255, 0.1)",
    "thumbInvertedBackground": "rgba(255, 255, 255, 0.25)",
    "thumbInvertedInactiveBackground": "rgba(255, 255, 255, 0.15)",
    "thumbInvertedHoverBackground": "rgba(255, 255, 255, 0.35)",
    "highlightBackground": "#CCE2FF",
    "highlightColor": "rgba(0, 0, 0, 0.87)",
    "inputHighlightBackground": "rgba(100, 100, 100, 0.4)",
    "inputHighlightColor": "rgba(0, 0, 0, 0.87)",
    "loaderSize": "1.2857142857142858em",
    "loaderSpeed": "0.6s",
    "loaderLineWidth": "0.2em",
    "loaderFillColor": "rgba(0, 0, 0, 0.1)",
    "loaderLineColor": "#767676",
    "invertedLoaderFillColor": "rgba(255, 255, 255, 0.15)",
    "invertedLoaderLineColor": "#FFFFFF",
    "columnCount": "16",
    "defaultDuration": "0.1s",
    "defaultEasing": "ease",
    "mobileBreakpoint": "320px",
    "tabletBreakpoint": "768px",
    "computerBreakpoint": "992px",
    "largeMonitorBreakpoint": "1200px",
    "widescreenMonitorBreakpoint": "1920px",
    "red": "#DB2828",
    "orange": "#ff5000",
    "yellow": "#FBBD08",
    "olive": "#B5CC18",
    "green": "#7cd25a",
    "teal": "#22b7b1",
    "blue": "#006faa",
    "violet": "#6435C9",
    "purple": "#A333C8",
    "pink": "#E03997",
    "brown": "#A5673F",
    "grey": "#767676",
    "black": "#464646",
    "lightRed": "#FF695E",
    "lightOrange": "#FF851B",
    "lightYellow": "#FFE21F",
    "lightOlive": "#D9E778",
    "lightGreen": "#2ECC40",
    "lightTeal": "#6DFFFF",
    "lightBlue": "#54C8FF",
    "lightViolet": "#A291FB",
    "lightPurple": "#DC73FF",
    "lightPink": "#FF8EDF",
    "lightBrown": "#D67C1C",
    "lightGrey": "#DCDDDE",
    "lightBlack": "#545454",
    "fullBlack": "#000000",
    "offWhite": "#F9FAFB",
    "darkWhite": "#F3F4F5",
    "midWhite": "#DCDDDE",
    "white": "#FFFFFF",
    "redBackground": "#FFE8E6",
    "orangeBackground": "#FFEDDE",
    "yellowBackground": "#FFF8DB",
    "oliveBackground": "#FBFDEF",
    "greenBackground": "#E5F9E7",
    "tealBackground": "#E1F7F7",
    "blueBackground": "#DFF0FF",
    "violetBackground": "#EAE7FF",
    "purpleBackground": "#F6E7FF",
    "pinkBackground": "#FFE3FB",
    "brownBackground": "#F1E2D3",
    "redHeaderColor": "#c82121",
    "oliveHeaderColor": "#7aa61a",
    "greenHeaderColor": "#1aa62a",
    "yellowHeaderColor": "#9c6f04",
    "blueHeaderColor": "#005e91",
    "tealHeaderColor": "#0e8c8c",
    "pinkHeaderColor": "#dd238b",
    "violetHeaderColor": "#5a30b5",
    "purpleHeaderColor": "#922eb4",
    "orangeHeaderColor": "#e64800",
    "brownHeaderColor": "#935b38",
    "redTextColor": "#DB2828",
    "orangeTextColor": "#ff5000",
    "yellowTextColor": "#B58105",
    "oliveTextColor": "#8ABC1E",
    "greenTextColor": "#1EBC30",
    "tealTextColor": "#10A3A3",
    "blueTextColor": "#006faa",
    "violetTextColor": "#6435C9",
    "purpleTextColor": "#A333C8",
    "pinkTextColor": "#E03997",
    "brownTextColor": "#A5673F",
    "redBorderColor": "#DB2828",
    "orangeBorderColor": "#ff5000",
    "yellowBorderColor": "#B58105",
    "oliveBorderColor": "#8ABC1E",
    "greenBorderColor": "#1EBC30",
    "tealBorderColor": "#10A3A3",
    "blueBorderColor": "#006faa",
    "violetBorderColor": "#6435C9",
    "purpleBorderColor": "#A333C8",
    "pinkBorderColor": "#E03997",
    "brownBorderColor": "#A5673F",
    "subtleTransparentBlack": "rgba(0, 0, 0, 0.03)",
    "transparentBlack": "rgba(0, 0, 0, 0.05)",
    "strongTransparentBlack": "rgba(0, 0, 0, 0.1)",
    "veryStrongTransparentBlack": "rgba(0, 0, 0, 0.15)",
    "subtleTransparentWhite": "rgba(255, 255, 255, 0.02)",
    "transparentWhite": "rgba(255, 255, 255, 0.08)",
    "strongTransparentWhite": "rgba(255, 255, 255, 0.15)",
    "subtleGradient": "linear-gradient(transparent, rgba(0, 0, 0, 0.05))",
    "subtleShadow": "0px 1px 2px 0 rgba(34, 36, 38, 0.15)",
    "floatingShadow": "0px 2px 4px 0px rgba(34, 36, 38, 0.12), 0px 2px 10px 0px rgba(34, 36, 38, 0.15)",
    "positiveColor": "#7cd25a",
    "positiveBackgroundColor": "#FCFFF5",
    "positiveBorderColor": "#A3C293",
    "positiveHeaderColor": "#1A531B",
    "positiveTextColor": "#2C662D",
    "negativeColor": "#DB2828",
    "negativeBackgroundColor": "#FFF6F6",
    "negativeBorderColor": "#E0B4B4",
    "negativeHeaderColor": "#912D2B",
    "negativeTextColor": "#9F3A38",
    "infoColor": "#31CCEC",
    "infoBackgroundColor": "#F8FFFF",
    "infoBorderColor": "#A9D5DE",
    "infoHeaderColor": "#0E566C",
    "infoTextColor": "#276F86",
    "warningColor": "#EBA91C",
    "warningBorderColor": "#C9BA9B",
    "warningBackgroundColor": "#FFFAF3",
    "warningHeaderColor": "#794B02",
    "warningTextColor": "#573A08",
    "imagePath": "'../../themes/default/assets/images'",
    "fontPath": "'../../themes/default/assets/fonts'",
    "mini": "0.7857142857142857rem",
    "tiny": "0.8571428571428571rem",
    "small": "0.9285714285714286rem",
    "medium": "1rem",
    "large": "1.1428571428571428rem",
    "big": "1.2857142857142858rem",
    "huge": "1.4285714285714286rem",
    "massive": "1.7142857142857142rem",
    "relativeMini": "0.7857142857142857em",
    "relativeTiny": "0.8571428571428571em",
    "relativeSmall": "0.9285714285714286em",
    "relativeMedium": "1em",
    "relativeLarge": "1.1428571428571428em",
    "relativeBig": "1.2857142857142858em",
    "relativeHuge": "1.4285714285714286em",
    "relativeMassive": "1.7142857142857142em",
    "absoluteMini": "0.7857142857142857rem",
    "absoluteTiny": "0.8571428571428571rem",
    "absoluteSmall": "0.9285714285714286rem",
    "absoluteMedium": "1rem",
    "absoluteLarge": "1.1428571428571428rem",
    "absoluteBig": "1.2857142857142858rem",
    "absoluteHuge": "1.4285714285714286rem",
    "absoluteMassive": "1.7142857142857142rem",
    "iconWidth": "1.18em",
    "darkTextColor": "rgba(0, 0, 0, 0.85)",
    "mutedTextColor": "rgba(0, 0, 0, 0.6)",
    "lightTextColor": "rgba(0, 0, 0, 0.4)",
    "unselectedTextColor": "rgba(0, 0, 0, 0.4)",
    "hoveredTextColor": "rgba(0, 0, 0, 0.8)",
    "pressedTextColor": "rgba(0, 0, 0, 0.9)",
    "selectedTextColor": "rgba(0, 0, 0, 0.95)",
    "disabledTextColor": "rgba(40, 40, 40, 0.3)",
    "invertedTextColor": "rgba(255, 255, 255, 0.9)",
    "invertedMutedTextColor": "rgba(255, 255, 255, 0.8)",
    "invertedLightTextColor": "rgba(255, 255, 255, 0.7)",
    "invertedUnselectedTextColor": "rgba(255, 255, 255, 0.5)",
    "invertedHoveredTextColor": "#ffffff",
    "invertedPressedTextColor": "#ffffff",
    "invertedSelectedTextColor": "#ffffff",
    "invertedDisabledTextColor": "rgba(225, 225, 225, 0.3)",
    "facebookColor": "#3B5998",
    "twitterColor": "#55ACEE",
    "googlePlusColor": "#DD4B39",
    "linkedInColor": "#1F88BE",
    "youtubeColor": "#FF0000",
    "pinterestColor": "#BD081C",
    "vkColor": "#4D7198",
    "instagramColor": "#49769C",
    "circularRadius": "500rem",
    "borderColor": "rgba(34, 36, 38, 0.15)",
    "strongBorderColor": "rgba(34, 36, 38, 0.22)",
    "internalBorderColor": "rgba(34, 36, 38, 0.1)",
    "selectedBorderColor": "rgba(34, 36, 38, 0.35)",
    "strongSelectedBorderColor": "rgba(34, 36, 38, 0.5)",
    "disabledBorderColor": "rgba(34, 36, 38, 0.5)",
    "solidInternalBorderColor": "#FAFAFA",
    "solidBorderColor": "#D4D4D5",
    "solidSelectedBorderColor": "#BCBDBD",
    "whiteBorderColor": "rgba(255, 255, 255, 0.1)",
    "selectedWhiteBorderColor": "rgba(255, 255, 255, 0.8)",
    "solidWhiteBorderColor": "#555555",
    "selectedSolidWhiteBorderColor": "#999999",
    "loaderOffset": "-0.6428571428571429em",
    "loaderMargin": "-0.6428571428571429em 0em 0em -0.6428571428571429em",
    "scrollbarWidth": "17px",
    "glyphWidth": "1.1em",
    "lineHeightOffset": "0.21425000000000005em",
    "headerLineHeightOffset": "0.1428571428571429em",
    "headerTopMargin": "calc(2rem -  0.1428571428571429em )",
    "headerBottomMargin": "1rem",
    "headerMargin": "calc(2rem -  0.1428571428571429em ) 0em 1rem",
    "pageMinWidth": "320px",
    "successBackgroundColor": "#FCFFF5",
    "successColor": "#7cd25a",
    "successBorderColor": "#A3C293",
    "successHeaderColor": "#1A531B",
    "successTextColor": "#2C662D",
    "errorBackgroundColor": "#FFF6F6",
    "errorColor": "#DB2828",
    "errorBorderColor": "#E0B4B4",
    "errorHeaderColor": "#912D2B",
    "errorTextColor": "#9F3A38",
    "largestMobileScreen": "767px",
    "largestTabletScreen": "991px",
    "largestSmallMonitor": "1199px",
    "largestLargeMonitor": "1919px",
    "1px": "0.07142857142857142rem",
    "2px": "0.14285714285714285rem",
    "3px": "0.21428571428571427rem",
    "4px": "0.2857142857142857rem",
    "5px": "0.35714285714285715rem",
    "6px": "0.42857142857142855rem",
    "7px": "0.5rem",
    "8px": "0.5714285714285714rem",
    "9px": "0.6428571428571429rem",
    "10px": "0.7142857142857143rem",
    "11px": "0.7857142857142857rem",
    "12px": "0.8571428571428571rem",
    "13px": "0.9285714285714286rem",
    "14px": "1rem",
    "15px": "1.0714285714285714rem",
    "16px": "1.1428571428571428rem",
    "17px": "1.2142857142857142rem",
    "18px": "1.2857142857142858rem",
    "19px": "1.3571428571428572rem",
    "20px": "1.4285714285714286rem",
    "21px": "1.5rem",
    "22px": "1.5714285714285714rem",
    "23px": "1.6428571428571428rem",
    "24px": "1.7142857142857142rem",
    "25px": "1.7857142857142858rem",
    "26px": "1.8571428571428572rem",
    "27px": "1.9285714285714286rem",
    "28px": "2rem",
    "29px": "2.0714285714285716rem",
    "30px": "2.142857142857143rem",
    "31px": "2.2142857142857144rem",
    "32px": "2.2857142857142856rem",
    "33px": "2.357142857142857rem",
    "34px": "2.4285714285714284rem",
    "35px": "2.5rem",
    "36px": "2.5714285714285716rem",
    "37px": "2.642857142857143rem",
    "38px": "2.7142857142857144rem",
    "39px": "2.7857142857142856rem",
    "40px": "2.857142857142857rem",
    "41px": "2.9285714285714284rem",
    "42px": "3rem",
    "43px": "3.0714285714285716rem",
    "44px": "3.142857142857143rem",
    "45px": "3.2142857142857144rem",
    "46px": "3.2857142857142856rem",
    "47px": "3.357142857142857rem",
    "48px": "3.4285714285714284rem",
    "49px": "3.5rem",
    "50px": "3.5714285714285716rem",
    "51px": "3.642857142857143rem",
    "52px": "3.7142857142857144rem",
    "53px": "3.7857142857142856rem",
    "54px": "3.857142857142857rem",
    "55px": "3.9285714285714284rem",
    "56px": "4rem",
    "57px": "4.071428571428571rem",
    "58px": "4.142857142857143rem",
    "59px": "4.214285714285714rem",
    "60px": "4.285714285714286rem",
    "61px": "4.357142857142857rem",
    "62px": "4.428571428571429rem",
    "63px": "4.5rem",
    "64px": "4.571428571428571rem",
    "relative1px": "0.07142857142857142em",
    "relative2px": "0.14285714285714285em",
    "relative3px": "0.21428571428571427em",
    "relative4px": "0.2857142857142857em",
    "relative5px": "0.35714285714285715em",
    "relative6px": "0.42857142857142855em",
    "relative7px": "0.5em",
    "relative8px": "0.5714285714285714em",
    "relative9px": "0.6428571428571429em",
    "relative10px": "0.7142857142857143em",
    "relative11px": "0.7857142857142857em",
    "relative12px": "0.8571428571428571em",
    "relative13px": "0.9285714285714286em",
    "relative14px": "1em",
    "relative15px": "1.0714285714285714em",
    "relative16px": "1.1428571428571428em",
    "relative17px": "1.2142857142857142em",
    "relative18px": "1.2857142857142858em",
    "relative19px": "1.3571428571428572em",
    "relative20px": "1.4285714285714286em",
    "relative21px": "1.5em",
    "relative22px": "1.5714285714285714em",
    "relative23px": "1.6428571428571428em",
    "relative24px": "1.7142857142857142em",
    "relative25px": "1.7857142857142858em",
    "relative26px": "1.8571428571428572em",
    "relative27px": "1.9285714285714286em",
    "relative28px": "2em",
    "relative29px": "2.0714285714285716em",
    "relative30px": "2.142857142857143em",
    "relative31px": "2.2142857142857144em",
    "relative32px": "2.2857142857142856em",
    "relative33px": "2.357142857142857em",
    "relative34px": "2.4285714285714284em",
    "relative35px": "2.5em",
    "relative36px": "2.5714285714285716em",
    "relative37px": "2.642857142857143em",
    "relative38px": "2.7142857142857144em",
    "relative39px": "2.7857142857142856em",
    "relative40px": "2.857142857142857em",
    "relative41px": "2.9285714285714284em",
    "relative42px": "3em",
    "relative43px": "3.0714285714285716em",
    "relative44px": "3.142857142857143em",
    "relative45px": "3.2142857142857144em",
    "relative46px": "3.2857142857142856em",
    "relative47px": "3.357142857142857em",
    "relative48px": "3.4285714285714284em",
    "relative49px": "3.5em",
    "relative50px": "3.5714285714285716em",
    "relative51px": "3.642857142857143em",
    "relative52px": "3.7142857142857144em",
    "relative53px": "3.7857142857142856em",
    "relative54px": "3.857142857142857em",
    "relative55px": "3.9285714285714284em",
    "relative56px": "4em",
    "relative57px": "4.071428571428571em",
    "relative58px": "4.142857142857143em",
    "relative59px": "4.214285714285714em",
    "relative60px": "4.285714285714286em",
    "relative61px": "4.357142857142857em",
    "relative62px": "4.428571428571429em",
    "relative63px": "4.5em",
    "relative64px": "4.571428571428571em",
    "oneWide": "6.25%",
    "twoWide": "12.5%",
    "threeWide": "18.75%",
    "fourWide": "25%",
    "fiveWide": "31.25%",
    "sixWide": "37.5%",
    "sevenWide": "43.75%",
    "eightWide": "50%",
    "nineWide": "56.25%",
    "tenWide": "62.5%",
    "elevenWide": "68.75%",
    "twelveWide": "75%",
    "thirteenWide": "81.25%",
    "fourteenWide": "87.5%",
    "fifteenWide": "93.75%",
    "sixteenWide": "100%",
    "oneColumn": "100%",
    "twoColumn": "50%",
    "threeColumn": "33.33333333333333%",
    "fourColumn": "25%",
    "fiveColumn": "20%",
    "sixColumn": "16.666666666666664%",
    "sevenColumn": "14.285714285714285%",
    "eightColumn": "12.5%",
    "nineColumn": "11.11111111111111%",
    "tenColumn": "10%",
    "elevenColumn": "9.090909090909092%",
    "twelveColumn": "8.333333333333332%",
    "thirteenColumn": "7.6923076923076925%",
    "fourteenColumn": "7.142857142857142%",
    "fifteenColumn": "6.666666666666667%",
    "sixteenColumn": "6.25%",
    "disabledOpacity": "0.45",
    "floatingShadowHover": "0px 2px 4px 0px rgba(34, 36, 38, 0.15), 0px 2px 10px 0px rgba(34, 36, 38, 0.25)",
    "primaryColorHover": "#e64800",
    "secondaryColorHover": "#edeeee",
    "lightPrimaryColorHover": "#ffcbb3",
    "lightSecondaryColorHover": "#616161",
    "redHover": "#d01919",
    "orangeHover": "#e64800",
    "yellowHover": "#eaae00",
    "oliveHover": "#a7bd0d",
    "greenHover": "#69d33f",
    "tealHover": "#17a8a2",
    "blueHover": "#005e91",
    "violetHover": "#5829bb",
    "purpleHover": "#9627ba",
    "pinkHover": "#e61a8d",
    "brownHover": "#975b33",
    "lightRedHover": "#ff5144",
    "lightOrangeHover": "#ff7701",
    "lightYellowHover": "#ffdf05",
    "lightOliveHover": "#d8ea5c",
    "lightGreenHover": "#22be34",
    "lightTealHover": "#54ffff",
    "lightBlueHover": "#3ac0ff",
    "lightVioletHover": "#8a73ff",
    "lightPurpleHover": "#d65aff",
    "lightPinkHover": "#ff74d8",
    "lightBrownHover": "#c86f11",
    "lightGreyHover": "#cfd0d2",
    "lightBlackHover": "#000000",
    "positiveColorHover": "#69d33f",
    "negativeColorHover": "#d01919",
    "facebookHoverColor": "#304d8a",
    "twitterHoverColor": "#35a2f4",
    "googlePlusHoverColor": "#e0321c",
    "linkedInHoverColor": "#147baf",
    "youtubeHoverColor": "#e60000",
    "instagramHoverColor": "#3d698e",
    "pinterestHoverColor": "#ac0013",
    "vkHoverColor": "#41648a",
    "fullBlackHover": "#0d0d0d",
    "blackHover": "#535353",
    "greyHover": "#838383",
    "whiteHover": "#f2f2f2",
    "offWhiteHover": "#eaedf1",
    "darkWhiteHover": "#e5e7e9",
    "primaryColorFocus": "#d64300",
    "secondaryColorFocus": "#f5f5f6",
    "lightPrimaryColorFocus": "#ffc0a3",
    "lightSecondaryColorFocus": "#686868",
    "redFocus": "#ca1010",
    "orangeFocus": "#d64300",
    "yellowFocus": "#daa300",
    "oliveFocus": "#a0b605",
    "greenFocus": "#5cd82c",
    "tealFocus": "#10a19b",
    "blueFocus": "#005481",
    "violetFocus": "#4f20b5",
    "purpleFocus": "#8f1eb4",
    "pinkFocus": "#e10f85",
    "brownFocus": "#90532b",
    "lightRedFocus": "#ff4335",
    "lightOrangeFocus": "#f17000",
    "lightYellowFocus": "#f5d500",
    "lightOliveFocus": "#daef47",
    "lightGreenFocus": "#19b82b",
    "lightTealFocus": "#44ffff",
    "lightBlueFocus": "#2bbbff",
    "lightVioletFocus": "#7d64ff",
    "lightPurpleFocus": "#d24aff",
    "lightPinkFocus": "#ff65d3",
    "lightBrownFocus": "#c16808",
    "lightGreyFocus": "#c7c9cb",
    "lightBlackFocus": "#000000",
    "positiveColorFocus": "#5cd82c",
    "negativeColorFocus": "#ca1010",
    "facebookFocusColor": "#284582",
    "twitterFocusColor": "#1d9cfd",
    "googlePlusFocusColor": "#db2812",
    "linkedInFocusColor": "#0c73a8",
    "youtubeFocusColor": "#d60000",
    "instagramFocusColor": "#356287",
    "pinterestFocusColor": "#9c0011",
    "vkFocusColor": "#395d83",
    "fullBlackFocus": "#141414",
    "blackFocus": "#5a5a5a",
    "greyFocus": "#8a8a8a",
    "whiteFocus": "#ebebeb",
    "offWhiteFocus": "#e1e6eb",
    "darkWhiteFocus": "#dde0e2",
    "primaryColorDown": "#cc4000",
    "secondaryColorDown": "#fafbfb",
    "lightPrimaryColorDown": "#ffb999",
    "lightSecondaryColorDown": "#6e6e6e",
    "redDown": "#b21e1e",
    "orangeDown": "#cc4000",
    "yellowDown": "#cd9903",
    "oliveDown": "#8d9e13",
    "greenDown": "#5ec435",
    "tealDown": "#1a8c87",
    "blueDown": "#004e77",
    "violetDown": "#502aa1",
    "purpleDown": "#82299f",
    "pinkDown": "#c71f7e",
    "brownDown": "#805031",
    "lightRedDown": "#ff392b",
    "lightOrangeDown": "#e76b00",
    "lightYellowDown": "#ebcd00",
    "lightOliveDown": "#cddf4d",
    "lightGreenDown": "#25a233",
    "lightTealDown": "#3affff",
    "lightBlueDown": "#21b8ff",
    "lightVioletDown": "#7860f9",
    "lightPurpleDown": "#cf40ff",
    "lightPinkDown": "#ff5bd1",
    "lightBrownDown": "#a96216",
    "lightGreyDown": "#c2c4c5",
    "lightBlackDown": "#000000",
    "positiveColorDown": "#5ec435",
    "negativeColorDown": "#b21e1e",
    "facebookDownColor": "#2d4373",
    "twitterDownColor": "#2795e9",
    "googlePlusDownColor": "#c23321",
    "linkedInDownColor": "#186992",
    "youtubeDownColor": "#cc0000",
    "instagramDownColor": "#395c79",
    "pinterestDownColor": "#8c0615",
    "vkDownColor": "#3c5876",
    "fullBlackDown": "#1a1a1a",
    "blackDown": "#606060",
    "greyDown": "#909090",
    "whiteDown": "#e6e6e6",
    "offWhiteDown": "#dae1e7",
    "darkWhiteDown": "#d7dbde",
    "primaryColorActive": "#e64800",
    "secondaryColorActive": "#edeeee",
    "lightPrimaryColorActive": "#ffcbb3",
    "lightSecondaryColorActive": "#616161",
    "redActive": "#d41515",
    "orangeActive": "#e64800",
    "yellowActive": "#eaae00",
    "oliveActive": "#aac109",
    "greenActive": "#68d73c",
    "tealActive": "#14aba5",
    "blueActive": "#005e91",
    "violetActive": "#5626bf",
    "purpleActive": "#9724be",
    "pinkActive": "#ea158d",
    "brownActive": "#995a31",
    "lightRedActive": "#ff5144",
    "lightOrangeActive": "#ff7701",
    "lightYellowActive": "#ffdf05",
    "lightOliveActive": "#daed59",
    "lightGreenActive": "#1fc231",
    "lightTealActive": "#54ffff",
    "lightBlueActive": "#3ac0ff",
    "lightVioletActive": "#8a73ff",
    "lightPurpleActive": "#d65aff",
    "lightPinkActive": "#ff74d8",
    "lightBrownActive": "#cc6f0d",
    "lightGreyActive": "#cfd0d2",
    "lightBlackActive": "#000000",
    "positiveColorActive": "#68d73c",
    "negativeColorActive": "#d41515",
    "facebookActiveColor": "#2e4c8c",
    "twitterActiveColor": "#31a2f9",
    "googlePlusActiveColor": "#e52e18",
    "linkedInActiveColor": "#117cb3",
    "youtubeActiveColor": "#e60000",
    "instagramActiveColor": "#3b6990",
    "pinterestActiveColor": "#ac0013",
    "vkActiveColor": "#3f648c",
    "fullBlackActive": "#000000",
    "blackActive": "#393939",
    "greyActive": "#696969",
    "whiteActive": "#f2f2f2",
    "offWhiteActive": "#eaedf1",
    "darkWhiteActive": "#e5e7e9",
    "iconFont": "\"font-awesome\"",
    "primaryFont": "\"''\"",
    "fontFallbacks": "-apple-system, BlinkMacSystemFont, Segoe UI, HelveticaNeue-Light, Ubuntu, Droid Sans, sans-serif, \"font-awesome\"",
    "lightFontColor": "rgba(0, 0, 0, 0.4)",
    "defaultBorderWidth": "1px",
    "defaultBorderColor": "rgba(34, 36, 38, 0.15)",
    "lightBorderColor": "rgba(132, 138, 145, 0.15)",
    "accentColor1": "#173163",
    "accentColor2": "#f5385b",
    "accentColor3": "#00b7e1",
    "accentColor4": "#92278F",
    "lightGray": "#f1f1f1",
    "darkGray": "#d9d9d9",
    "athensGray": "#f9fafb",
    "nobel": "#969696",
    "iron": "#DADCE0",
    "whiteSmoke": "#f5f5f5",
    "dustyGray": "#9c9c9c",
    "galleryGray": "#eeeeee",
    "doveGray": "#616161",
    "dullGreen": "#34a850",
    "paleGray": "#d6d6d6",
    "alabaster": "#f7f7f7",
    "aliceBlue": "#f7fcff",
    "pureBlack": "#000000",
    "focusBorderBlue": "#0000ff",
    "lightPageBackground": "#FFFFFF",
    "defaultHoverBackgroundColor": "rgba(0, 0, 0, 0.05)",
    "defaultInvertedHoverBackground": "rgba(255, 255, 255, 0.08)",
    "defaultInvertedActiveBackground": "rgba(255, 255, 255, 0.15)",
    "littleWidth": "48px",
    "x60Width": "60px",
    "iconHoverBgColor": "#f5f5f5",
    "iconDefaultBgColor": "#838383",
    "iconNano": "10px",
    "iconDefault": "14px",
    "iconMicro": "18px",
    "iconX22": "22px",
    "iconX30": "30px",
    "iconMini": "35px",
    "iconX50": "50px",
    "iconX60": "60px",
    "iconTiny": "80px",
    "iconSmall": "150px",
    "iconMedium": "300px",
    "iconLarge": "450px",
    "iconBig": "600px",
    "iconHuge": "800px",
    "iconMassive": "960px",
    "headerHeight": "58px",
    "h6": "1rem",
    "h6SubHeaderFontSize": "0.8571428571428571rem",
    "lightInputBackground": "#fafafa",
    "inputAddonWrapperOffset": "2.67142857em",
    "advancedSearchWidth": "320px",
    "mobileAdvancedSearchMinWidth": "auto",
    "advancedSearchDropdownMinWidth": "260px",
    "advancedSearchDropdownMaxWidth": "520px",
    "advancedSearchBorder": "1px solid rgba(34, 36, 38, 0.15)",
    "overviewPageWidgetHeaderMinHeight": "155px",
    "defaultCardHoverBoxShadow": "0 2px 8px rgba(0, 0, 0, 0.09)",
    "defaultCardTransition": "all 0.3s",
    "defaultCardBorder": "1px solid #e8e8e8",
    "readOnlyFormFieldBgColor": "#e9ecef",
    "readOnlyFieldCursor": "default",
    "dashboardLayoutSidePanelWidth": "300px",
    "dashboardLayoutMobileContentPadding": "20px 14px",
    "fluidDashboardLayoutTopPadding": "25px",
    "fluidDashboardLayoutHorizontalPadding": "15px",
    "fluidLayoutTopPadding": "25px",
    "fluidLayoutHorizontalPadding": "15px",
    "fluidDashboardLayoutHeaderPadding": "0 15px",
    "fluidDashboardLayoutFooterPadding": "0 15px",
    "fluidDashboardLayoutSidePanelPadding": "25px 15px",
    "fluidDashboardLayoutDesktopContentPadding": "25px 30px",
    "pageLayoutContentPadding": "25px 30px",
    "loginPortalBackgroundColor": "#FFFFFF",
    "loginPortalProductLogoHeight": "22px",
    "loginPortalProductLogoMaxHeight": "85px",
    "loginPortalLoginCardBackground": "#FFFFFF",
    "loginPortalLoginCardPadding": "3rem",
    "loginPortalLoginCardBorderRadius": "3px",
    "loginPortalProductTitleMargin": "2em 0 1em",
    "loginPortalProductTitleInHeaderMargin": "5px 0",
    "loginPortalExternalConnectionButtonBackgroundColor": "#FFFFFF",
    "loginPortalExternalConnectionButtonHoverBackgroundColor": "#FFFFFF",
    "focusVisibleOutline": "2px solid #0000ff"
}